path	lines
theauditor/graph/__init__.py	18
theauditor/graph/analyzer.py	358
theauditor/graph/builder.py	1128
theauditor/graph/cfg_builder.py	441
theauditor/graph/db_cache.py	211
theauditor/graph/dfg_builder.py	1202
theauditor/graph/exceptions.py	17
theauditor/graph/fidelity.py	113
theauditor/graph/graphql/__init__.py	7
theauditor/graph/graphql/builder.py	593
theauditor/graph/graphql/querier.py	216
theauditor/graph/graphql/visualizer.py	123
theauditor/graph/path_correlator.py	257
theauditor/graph/store.py	482
theauditor/graph/strategies/__init__.py	21
theauditor/graph/strategies/base.py	18
theauditor/graph/strategies/bash_pipes.py	241
theauditor/graph/strategies/go_http.py	294
theauditor/graph/strategies/go_orm.py	283
theauditor/graph/strategies/interceptors.py	497
theauditor/graph/strategies/node_express.py	470
theauditor/graph/strategies/node_orm.py	196
theauditor/graph/strategies/python_orm.py	442
theauditor/graph/strategies/resolution.py	80
theauditor/graph/strategies/rust_async.py	195
theauditor/graph/strategies/rust_ffi.py	218
theauditor/graph/strategies/rust_traits.py	271
theauditor/graph/strategies/rust_unsafe.py	287
theauditor/graph/types.py	77
theauditor/graph/visualizer.py	757
